,ax,ay,az,gx,gy,gz,time
-56,312,18496,370,-678,1032
280,-160,16096,24,241,195
-224,48,16592,-206,-124,-208
48,-16,16696,56,79,-26
352,-232,16528,130,-54,-40
-328,152,17248,-95,453,34
-1392,1080,16456,79,514,-1994
-80,1376,16864,-111,79,-2182
-216,272,16288,249,447,-1834
-448,1816,16568,-303,-79,539
600,-600,16536,-278,482,1128
728,664,16784,135,401,1216
2136,-1048,16072,208,393,659
-128,-64,17112,163,215,385
-232,-2208,16720,72,628,1421
456,480,15576,1434,1799,1833
-2560,1024,27752,780,1916,1569
488,-1216,17744,750,-302,1339
-1240,-736,18032,-86,44,866
-280,-64,17864,1413,1599,301
-840,416,16976,1768,1460,57
-232,-464,16008,3478,-424,-786
-672,2296,16328,8612,-2503,111
368,328,15904,7395,-485,-139
-456,976,17256,7759,704,-576
632,1408,16888,8225,699,-364
-544,2352,15384,7786,-163,-31
-464,2392,16792,6025,-225,-211
-224,3160,15976,6877,-281,-18
608,2832,15960,3987,413,-91
-168,4040,15592,4138,-637,-405
-552,4112,15920,4758,-416,-1351
-368,4040,16952,4214,-756,-1197
-496,4288,15152,5466,-955,-2002
-56,5400,15400,6220,-308,-2019
216,7360,15048,6267,-255,-1937
-24,6640,14456,6181,-396,-1156
-336,5608,14776,5613,-601,-593
-256,7480,16512,3859,350,-1464
-392,7208,16088,4195,-112,-1010
-424,7504,14872,3876,314,-726
160,8512,13984,2745,1160,-1140
-320,8312,14936,2239,1524,-1045
-456,8192,15488,2777,1061,-1016
-248,8144,16184,2627,1870,-1017
-1592,7352,13240,2458,1965,-1166
-1696,7472,14392,2186,1938,-1634
-1696,7824,15104,888,288,-2279
-1808,8344,15344,-723,-1015,-2550
-1544,8168,15112,-2443,-1466,-2524
-2064,8272,14792,-3741,-2076,-2664
-1152,7904,14760,-4256,-1048,-2874
-928,7880,14792,-4699,-435,-2821
-560,7584,15064,-4783,903,-2732
-920,7096,14680,-6504,1042,-2019
-880,6440,14064,-6271,1516,-2015
-1472,5920,14504,-4580,1891,-1780
-1456,5912,16032,-5716,4084,-1939
-2456,5320,14664,-9018,4308,-2427
-2360,4936,14768,-6564,3988,-2855
-3104,4312,15560,-6510,6789,-3207
-4664,3424,15208,-4853,5526,-3586
-3960,3368,16208,-3592,3639,-4753
-3904,4112,16072,-4766,5105,-4474
-4416,3272,16088,-5323,5104,-3740
-5072,2488,15840,-5414,5805,-3644
-5184,1824,15216,-4979,7226,-3947
-5192,1576,15056,-3394,6881,-4002
-5016,1912,15512,-2424,6689,-2791
-5984,1288,15264,-3242,7534,-2059
-6904,912,15056,-2622,7267,-1918
-6816,928,14888,-2552,8076,-1496
-7400,544,14592,-3006,8597,-1317
-7528,304,14016,-2047,8235,-333
-8408,288,14600,-1972,7821,593
-9144,136,14512,-2579,6906,224
-9824,-400,14096,-2522,5422,884
-10152,-496,13528,-2304,3904,505
-9552,-520,12664,-1661,3490,193
-9992,-224,12080,-729,4197,359
-10184,-232,12624,119,4613,884
-10616,-640,12928,-681,5855,695
-11248,-288,12584,-1307,5257,1102
-11152,-400,11984,-649,5116,647
-11112,-8,12152,-525,5039,749
-11384,-112,12040,-908,5317,989
-11528,-144,11576,-831,4722,1369
-12224,80,11616,-608,4110,1854
-12184,-296,11536,-839,3263,2073
-12256,-504,11160,-1347,2422,1568
-12592,-664,10960,-938,-104,962
-12120,-576,10256,-744,-1823,1387
-12120,-560,10512,361,-3215,1091
-11560,-224,10928,321,-4546,883
-11464,-56,11032,38,-5755,1012
-10976,200,11472,520,-6292,947
-10976,256,12008,316,-5963,1481
-10824,128,11952,1132,-5894,1666
-10904,584,12808,1927,-6192,1225
-10624,416,13672,1569,-6505,1436
-9872,528,13160,1490,-6909,1333
-9680,1024,13856,2043,-7103,1032
-8944,1216,14448,1125,-6688,1368
-8832,1168,14544,633,-5769,1429
-8720,1520,14432,-12,-5752,1290
-8088,1248,15048,426,-5670,1349
-7712,1160,15072,343,-5623,1508
-7312,1368,15096,53,-5244,1304
-7152,1064,15312,-587,-4263,773
-6824,1312,15112,-246,-4026,654
-6608,1256,15232,486,-4548,1011
-6224,1448,16072,609,-4769,711
-5600,1752,15984,251,-5621,1407
-5504,1624,16272,-98,-6051,1516
-4600,1528,16592,-300,-7043,1580
-4496,1984,16560,-64,-9031,2458
-3648,1552,16144,-556,-9959,3439
-3144,1256,15568,-750,-8794,2790
-2944,1440,16064,446,-8109,2304
-2136,1136,16544,612,-7638,2162
-1592,1672,16784,695,-6847,1631
-1192,2064,16976,568,-6950,2299
-392,1584,16904,216,-6685,2012
-248,1720,17192,579,-7430,1441
264,1760,17048,-44,-7824,1441
896,1624,16144,-540,-7095,1427
1584,1112,15688,191,-7547,696
1288,1208,16040,2180,-9006,-184
2976,1680,16400,1440,-7167,-1477
3208,2112,16024,211,-5669,-1075
3824,2304,15800,-456,-4153,-1134
4568,2480,16136,-234,-4460,-154
4704,2792,16032,-221,-5306,1344
4848,2232,16160,-534,-5301,1734
5064,1944,15640,-332,-6293,2169
5480,1880,15472,-359,-5466,1829
6128,2008,15784,-270,-5658,1576
6416,1680,15440,-471,-5428,2194
6632,1648,15528,-369,-5623,2291
6872,1824,15256,-1258,-4576,2274
7040,1360,15224,-1563,-4571,2548
7488,1392,14808,-1286,-5012,2472
7960,1064,14576,-252,-6086,3004
8072,1280,14752,-235,-5422,2969
8088,696,14488,-1415,-4325,2410
8296,736,13816,-578,-4757,2543
8504,848,14136,-252,-5083,2680
9048,656,14072,-529,-4648,2287
8896,336,13592,-830,-4356,2804
9264,360,13768,-368,-4578,2046
9824,392,13496,-100,-5502,1587
9984,160,13016,-545,-4752,1450
10096,-208,12728,-325,-3664,880
10208,-56,12808,-948,-2995,615
10352,-512,12184,-1076,-2696,-96
10536,-288,12008,-451,-2714,-336
10688,-208,12112,334,-2608,-773
11192,-208,11904,-287,-695,-1831
10992,48,11800,-857,-538,-2188
11224,-32,11832,-330,445,-2192
11280,288,11968,-997,2236,-2272
11696,512,12216,-1048,1716,-1611
11616,632,12104,-969,1970,-1039
11112,232,12024,-754,1437,-351
10880,-8,12320,-562,2713,-675
10624,160,12624,-1369,3664,-1172
10392,88,12616,-1522,4462,-1650
10232,448,12968,-1263,5320,-1902
10144,264,13304,-1130,5924,-1838
9560,616,13512,-849,4649,-1225
9560,224,13784,-639,4668,-1645
9400,304,14072,-913,4970,-1320
9152,96,14648,-831,4409,-1315
8560,616,14328,-1164,3412,-1517
8984,552,13824,-1414,3762,-807
8328,264,13704,-862,5784,-1185
7920,120,14632,-276,4333,-403
7776,336,14312,-715,4837,-1001
7376,8,14696,-1388,7120,-1337
6952,472,14904,-1086,6706,-924
7016,304,15336,-242,6437,-962
6712,168,15648,-555,7309,-892
5552,568,15992,-568,5775,-573
5624,240,15888,-730,5491,-965
5064,-40,16032,-809,5407,-1060
4288,576,16312,-234,4052,-995
4488,-144,16136,-460,5549,-1033
4024,248,16240,-279,6618,-1713
3376,456,16664,-169,5301,-1257
3496,144,16592,-513,5332,-1354
2896,376,16464,-643,5183,-1560
2552,464,16632,-534,4184,-1319
2608,72,15792,-602,5160,-1051
2432,-176,15832,-332,7961,-1952
1808,-208,16952,479,8132,-1773
1360,304,17112,-125,6862,-1462
984,240,17408,-420,4905,-917
688,176,16976,-736,4053,-518
168,8,16384,-488,4202,-309
120,-96,16552,127,5345,-589
-520,48,16496,246,5794,-1059
-1080,-144,16952,74,5967,-1185
-1232,-80,16984,-106,5885,-1668
-1600,176,17040,-345,5546,-1412
-2048,96,16808,-567,4444,-1024
-2200,144,16280,-117,4282,-611
-2680,-64,16480,-747,5097,-1124
-2992,-232,16144,-644,5588,-1143
-3168,-432,15976,-356,6190,-1306
-3584,-248,16120,403,6776,-1598
-4096,-320,16440,590,6487,-1308
-4584,-64,16720,43,5805,-1249
-4616,24,16232,-403,5447,-1320
-4984,-8,15960,-248,4889,-1124
-5240,-224,15888,-266,4047,-569
-5312,-360,15560,-343,3927,-535
-5824,-416,15224,-575,4064,29
-5824,-496,14808,-94,4644,-694
-6328,-496,14848,232,5528,-542
-6752,-536,15112,588,4822,-233
-7160,-560,15280,541,4991,-709
-7208,-296,15272,-467,4872,-251
-7272,-320,14728,-609,5522,-937
-7912,-256,14376,-273,5844,-155
-8104,-336,14560,-364,5272,76
-8544,-944,14848,-246,4474,277
-8928,-392,14512,-415,3513,292
-8968,-488,14168,-88,2866,380
-9264,-384,13872,-391,3777,285
-9464,-560,13504,-107,4423,-206
-9456,-576,13704,583,4773,79
-9704,-416,13864,698,4436,178
-10376,-312,13896,167,4261,-11
-10200,-528,13544,-316,4240,154
-10464,-440,13448,-485,3212,160
-10488,-152,13024,-416,2865,266
-10512,-448,12672,-766,2806,454
-10832,-528,12440,-458,2644,224
-11064,-792,12544,-236,2345,220
-10960,-552,12296,-615,2399,-163
-10968,-464,12176,-150,2504,-210
-11072,-696,12240,84,2334,-378
-10984,-360,12400,-731,2221,-48
-11280,-488,12112,-749,1827,648
-11424,-672,11736,-826,739,861
-11872,-872,11856,-537,-173,1123
-11456,-1048,11600,-203,-1378,404
-11248,-840,11720,-164,-2182,354
-11176,-400,12192,20,-3802,86
-10592,-432,12368,-105,-4354,433
-10656,-440,12672,-712,-4582,703
-10128,-368,12152,-913,-5106,582
-10240,-416,12472,-173,-6053,1189
-10048,-552,12912,97,-7399,915
-9520,-752,13784,123,-6622,1087
-9248,-592,14104,-658,-6665,1006
-8960,-616,13856,98,-7103,1089
-8360,-928,14272,894,-6530,505
-7968,-448,15016,994,-5943,122
-7496,-472,15736,466,-6140,575
-7040,-80,15920,431,-7202,431
-6336,-200,16048,9,-7322,478
-6248,-232,15976,-202,-7557,1412
-5512,-432,16240,-254,-7924,1603
-5288,-504,15928,-34,-8711,1454
-4464,-272,16048,412,-9944,1172
-3696,-136,16272,198,-9209,1522
-3464,-208,16128,436,-8955,1721
-2248,48,16176,949,-9320,1735
-2336,416,16344,1260,-9809,2048
-1720,464,16656,1946,-9448,2391
-1624,248,17264,1630,-8495,1965
-840,592,17576,772,-8041,1605
-464,376,17184,350,-7460,1116
504,248,16944,624,-6989,1042
920,896,16896,1235,-7607,1620
1336,816,16872,1095,-7009,1991
1496,800,16592,575,-6852,1248
1984,592,15800,777,-6956,1126
2288,360,15376,1610,-6438,723
2688,376,15640,1306,-5333,-742
3176,736,15944,1277,-4398,-1542
3744,1056,16200,1118,-4714,-1269
4328,1688,16064,363,-4056,-1617
4912,1392,16152,430,-3817,-791
4760,1496,16416,629,-3896,-590
5040,1448,16272,445,-3776,-1542
5408,1752,16184,425,-3701,-451
5496,1696,15928,-23,-2532,-164
5256,1312,15904,63,-2782,-120
5632,1560,15536,319,-3482,-291
6256,1696,15552,155,-3529,-308
6256,1464,15272,611,-4758,57
6848,1912,15456,739,-6692,905
7176,1560,15256,484,-6939,1508
7656,1496,14848,253,-6237,1042
7904,1352,14112,-340,-5535,1022
8280,1536,14064,416,-4416,1055
8480,1392,14360,1250,-4433,1170
8784,1320,14200,601,-4611,606
9064,1624,14096,-640,-4072,636
9264,1384,13432,-820,-3618,549
9464,1136,13200,-171,-3311,967
9784,1192,13352,-34,-2787,736
9968,1264,13264,-19,-3073,776
9896,1536,13136,-211,-3187,784
10192,1192,13176,-93,-2526,1100
10128,1328,13144,-454,-1943,882
10208,1104,12720,-882,-1169,558
10176,856,12840,-336,-640,940
10080,624,12856,-346,-1503,310
10392,752,12856,-16,-1353,-141
10568,784,12632,-80,-2986,-275
10904,1056,11840,-46,-2323,58
10880,664,11944,-1232,1455,-70
10712,512,12048,-1172,3604,8
10272,448,12648,-1309,3310,-490
9904,696,12976,-560,738,-582
10240,976,12800,-665,1362,-732
10808,904,12784,-2570,5975,-1331
9968,720,13552,-3013,6626,-1175
9528,664,13160,-2296,5798,-1363
9416,336,13584,-1366,6875,-1215
8960,480,14544,-3318,9559,-1633
7976,152,14424,-3381,7491,-1139
7544,-80,13528,-1178,4694,-731
8168,40,14280,709,4979,-1063
7280,632,15024,-435,4948,-983
7392,280,14664,-528,6664,-535
6640,-80,15272,-894,8643,-719
5384,488,15184,40,7097,-471
5072,-144,15736,1223,8373,-682
4744,232,16456,581,8773,-1245
4144,168,16744,597,8804,-1731
3760,920,16000,293,7092,-1424
3464,1000,16280,1682,5362,-93
3296,760,16888,472,4731,-99
2696,800,16608,17,4621,-264
2520,824,16576,378,3164,176
2128,712,16392,866,3062,333
1984,576,16632,861,3235,-479
1664,1224,16552,1444,2053,-791
1968,496,16696,2015,1670,-192
2136,1320,17008,1379,1804,-617
2072,1032,16176,1509,1803,-138
1648,1240,16072,2845,475,-711
1904,1496,16528,4225,-466,-423
2304,2128,16640,4235,-908,-219
2504,2184,16384,3096,1000,251
2024,2184,16080,3031,1839,421
1440,2384,15224,5432,1435,720
1616,2776,15560,7434,837,569
1696,2272,17208,7065,305,197
1136,3784,18496,2842,1605,-195
1008,3488,16992,-906,2180,-533
736,3512,15376,84,732,-325
1064,3728,15784,2306,-241,-143
1168,3744,15880,3212,983,-264
1192,4168,15632,2040,1456,-580
1232,4248,15280,2636,2534,-551
1192,4544,15096,3824,1890,-599
1112,5008,15352,4393,1614,-207
1160,5072,15824,4338,1567,-10
960,4664,15648,1238,2071,-405
232,5248,14328,1541,2718,379
-112,5392,14216,4174,118,1080
416,5504,15184,5949,-1245,970
624,6024,15488,5523,-398,937
536,6416,15472,3930,1220,-290
664,6480,14872,4477,1570,-267
584,6920,14976,4981,-456,518
632,7352,15328,4183,-1700,1051
432,7472,15264,2824,-597,523
112,7560,14840,1743,795,-84
280,7744,14896,1628,122,-704
904,8224,14720,1179,92,-1475
800,8432,14552,1432,152,-639
816,8080,14648,1601,297,-669
672,8152,14440,402,544,-155
680,8280,14296,519,127,-52
448,8104,14360,437,-226,288
248,8000,14336,-433,666,176
376,8248,14392,-875,682,77
248,7664,15120,-2327,345,411
528,7512,15464,-5469,410,278
-16,6944,14784,-6527,-1472,384
112,6544,14592,-5810,-2996,564
584,6480,14472,-5323,-2752,632
1008,6136,14664,-4908,-1906,-75
1400,6008,15352,-4128,-981,115
1296,5936,15648,-4468,-610,27
1392,5888,15360,-3662,-648,-349
1248,5672,15776,-2304,-1124,132
1520,5256,16296,-1244,-1841,195
1600,5544,16472,-3357,-929,587
1720,4768,15856,-4946,108,788
1328,4776,15376,-4544,-625,841
1680,4304,15856,-3765,-686,1140
1792,4072,16232,-5145,710,1084
1496,3792,16128,-5955,1200,851
1280,3328,16224,-7157,755,1009
1288,2720,16384,-7619,684,638
1024,2128,16120,-7864,166,408
1584,1336,15600,-6915,96,611
1400,1048,15312,-6277,1027,150
1376,640,15712,-4367,1641,209
1344,248,16368,-4031,1693,-776
664,176,16848,-3538,1827,-833
568,608,17632,-4820,1736,-1069
1032,376,17536,-5907,1298,-580
1080,-240,17160,-6679,803,-283
936,-624,16776,-5704,-171,114
888,-912,16944,-4625,275,1155
872,-1560,17096,-5328,701,870
544,-2704,16880,-5959,858,778
256,-2888,16416,-5850,1687,330
200,-3288,16184,-4881,863,-188
248,-3160,16408,-3708,767,-11
384,-3632,16312,-3197,370,-545
336,-3328,16672,-2700,-50,-490
880,-3336,16704,-3151,-795,-253
592,-3456,16456,-3495,-691,-60
776,-3864,16616,-3837,-1111,51
864,-4208,16120,-4182,-362,168
1104,-4568,16184,-4138,462,432
1184,-4904,15488,-4477,1059,1002
936,-5384,15616,-3491,1145,1282
744,-5448,15624,-2413,1609,1427
16,-6544,15912,-2045,1722,962
336,-5624,16144,-3338,2001,816
256,-5664,16168,-4305,2832,1407
264,-6232,15304,-4293,2473,1888
-144,-6392,15328,-3517,1318,1853
-512,-6592,15448,-2399,421,1978
-544,-6648,15528,-2823,-93,1791
-840,-7232,15184,-3222,-564,1212
-608,-7608,14872,-1736,-2155,965
-448,-7208,15080,-751,-2005,219
-216,-7328,14984,-353,-2397,-22
336,-6952,14904,582,-1602,266
448,-7064,15200,-596,80,606
328,-7368,15160,-602,600,554
424,-6832,15232,-328,443,615
280,-7152,15352,-20,210,414
104,-7320,15360,-626,259,626
232,-7544,14864,-328,397,551
-472,-7168,15224,229,849,899
-280,-7536,15000,789,687,724
-560,-7432,14768,1480,1560,373
-672,-7088,14488,3319,867,590
-640,-6848,14464,6814,-194,672
-96,-6392,15080,8719,-832,299
-48,-5648,16048,9118,-1367,218
-64,-4872,16040,6842,-1741,-876
240,-5120,13976,7861,-2843,-897
664,-4752,15192,13060,-5136,-443
752,-2976,17400,12845,-6120,-1698
832,-1544,17512,9361,-3870,-1671
1312,-928,17488,4685,-472,-1635
2096,-1712,16640,2963,1832,-1167
1512,-1504,16480,4900,1423,-1002
1552,-936,16920,5461,-53,-431
1392,-352,17568,4464,708,-101
1208,-272,17832,1784,3032,-152
888,-248,17464,729,3056,20
624,-648,16944,841,3198,-175
496,-496,17032,1266,3646,-325
176,-320,17304,373,4043,39
112,-344,17176,-34,5079,-642
-552,-112,16552,-298,5520,-590
-600,-176,16376,-99,5906,-741
-840,-280,15840,736,6915,-722
-1896,-400,16608,539,8695,-440
-2728,-440,16992,420,8163,-1077
-2504,-112,17160,-375,7083,-757
-2816,-120,16680,-1127,6303,-496
-3168,-464,15904,-768,5422,-22
-3856,-424,15744,189,4977,-80
-4448,-656,16016,93,5293,-51
-4960,-560,15912,153,4948,-373
-4856,-376,15680,188,4612,-967
-5056,-208,16056,-318,5610,-1417
-5088,-240,15648,-646,6332,-260
-5360,-352,15424,-354,6292,-181
-6128,-624,15472,174,6176,-202
-6528,-480,15752,-235,6125,-578
-7264,-448,15520,-354,6373,-496
-7040,-504,15472,-979,7091,-884
-7616,-448,14936,-1162,6684,-679
-8352,-688,14752,-352,5016,-265
-8528,-952,14616,167,3208,-414
-8728,-696,14568,-327,2737,-532
-8368,-1000,14032,-784,3181,-734
-8544,-648,13624,-1359,3881,-676
-8808,-1024,13488,-479,4873,-505
-9456,-1088,13408,168,5392,-1111
-9240,-1128,13736,-170,5465,-1428
-9368,-912,13968,-21,4238,-1046
-9344,-792,13696,-156,2539,-459
-9536,-880,13248,-161,-585,421
-9888,-952,13088,786,-3261,1076
-9392,-1336,13568,724,-4202,1261
-9448,-1128,13200,-79,-5237,1095
-9224,-952,13024,387,-6711,1196
-8928,-816,13392,981,-6345,1176
-8104,-400,13760,214,-5056,940
-7976,-600,13960,620,-5619,565
-7552,-592,14616,1276,-6345,729
-7016,-600,15144,1402,-6619,750
-6920,-320,15392,1453,-6353,827
-6704,-360,15776,1221,-6401,835
-5912,-64,15752,1212,-6541,1136
-5488,-136,16328,1607,-6717,1388
-5240,112,16632,1233,-5943,855
-4928,136,16424,849,-6455,1423
-4360,432,16688,924,-7536,1011
-3632,328,16672,759,-7928,1473
-3184,616,16440,799,-8053,2089
-2992,600,16400,678,-7634,1765
-2048,440,16352,830,-7466,1798
-1776,728,16440,892,-7210,2365
-1864,824,16552,680,-7133,2319
-1360,512,16656,808,-6696,1902
-1016,520,17176,772,-7812,1716
-304,976,16752,1200,-8803,1221
376,1136,17088,884,-8068,1197
880,1160,16640,435,-7332,1314
1616,960,16536,-243,-6079,983
1960,984,16152,466,-5185,1123
2488,1008,16544,1316,-4711,658
2744,1168,16904,1477,-4335,647
2848,1464,17088,832,-4588,216
3384,1616,17144,1070,-6369,486
4136,1544,16416,243,-6986,787
4592,1312,15824,162,-6915,1089
4992,1280,15304,737,-6686,804
5224,1040,15080,1458,-5926,935
5560,1264,15232,1767,-4949,755
5792,1640,15336,992,-4561,493
6024,1720,15592,141,-3405,266
6592,1336,15432,134,-3087,576
6272,1520,15136,441,-3789,233
6784,1376,15288,755,-4593,333
7064,1824,14784,1020,-4654,91
7592,1784,14680,774,-4096,72
7808,1776,14944,384,-3416,214
8160,2112,14480,35,-3179,510
8056,1560,14176,111,-3317,1258
8184,1568,14056,428,-2840,729
8352,1736,13968,815,-3336,973
8120,1520,13976,982,-3085,625
8688,1696,14216,221,-1541,204
8856,1992,14328,178,-1640,511
8600,1840,13944,242,-2056,616
9168,1688,13696,-347,-673,-67
8968,1792,13744,68,-123,127
8856,1520,13952,-168,-799,-227
8928,1776,13840,303,-1783,-7
9064,1808,13800,279,-2114,-379
9544,2024,13704,-766,-106,-1003
9400,1856,13448,-1376,2059,-585
9664,1704,13984,-1415,3518,-277
8928,1504,14040,-2144,4312,-312
8512,1336,14008,-1204,2640,-33
8384,1320,14256,-1082,2430,-74
8384,1352,14328,-1853,3804,-1119
7888,1424,13768,-1725,6350,-1571
8008,600,14088,-1943,9708,-1536
6536,1360,14856,-520,8541,-1388
6592,904,15376,308,7285,-1544
5896,1792,16048,-315,4631,-1170
5912,1784,16256,-1106,2217,-194
6160,1320,15480,-1943,3100,-388
5816,1432,15448,-1376,4100,-329
5192,1080,15432,-626,4340,412
5184,608,15608,-740,6173,-722
4744,968,15928,-535,7656,-2174
4232,1496,16200,-938,7278,-1674
4176,856,16344,-1071,7939,-1459
3216,1056,16288,-1430,7769,-1062
2632,504,15912,-1529,8069,-897
1776,776,16296,382,7322,-1149
1560,936,16656,207,6875,-961
992,928,16984,-243,7720,-1587
704,832,17032,-34,6882,-1903
712,320,16376,446,4674,-1181
488,1136,16288,2076,2414,-779
800,1328,16704,2444,1596,332
112,1440,16896,2509,424,952
0,1112,16856,2205,762,783
-384,1264,16712,3726,339,600
-496,1096,16672,5808,-702,524
-208,2184,16960,8174,-3296,87
720,3040,17088,8458,-3970,544
1080,3832,16576,7683,-2179,273
632,4312,16056,7725,387,204
240,4720,15696,7530,746,578
280,5016,15024,8749,890,-367
192,5200,15296,9114,-601,239
592,5960,15416,8531,-1520,482
968,7160,14752,6875,-864,438
880,7728,14408,6189,693,1091
592,7248,14584,4622,1377,1142
576,7408,14784,4351,1020,1323
344,8064,14760,4425,252,457
320,8104,14504,3261,1427,-651
120,7736,13848,1856,2406,-1544
120,8048,13968,1719,2194,-1036
440,8272,14192,1556,1070,-841
424,8408,14000,1084,-324,669
496,8384,14416,546,-897,936
128,8184,14504,-482,-910,288
472,8008,13984,-1217,-1144,-2
688,7872,13712,-1516,-266,-640
520,8040,13856,-1198,639,-1489
720,8384,14336,-488,154,-1089
552,8496,14704,-454,70,-450
616,8448,14528,-1371,704,-373
-40,8152,14400,-1185,217,-93
136,7848,14792,-912,-202,269
136,8088,14472,-1421,-138,-159
264,7968,14536,-1841,716,-467
-128,7880,14200,-2089,1272,-258
-304,7760,14264,-1289,1267,-605
472,8184,15528,-2263,1390,86
512,8376,15456,-6707,3769,829
144,7288,15576,-10486,4934,2580
-1312,5952,15864,-12482,3528,2827
-1968,4680,15600,-10883,-1570,1161
-1160,4856,16632,-10297,-6208,1062
-280,5336,17376,-13624,-4283,271
-192,3848,15960,-17193,-2247,389
224,1568,13768,-14585,-3168,10
1192,688,14808,-9040,-5941,849
1600,1136,16720,-9026,-4827,1487
2008,1384,17312,-14024,-2021,1263
2368,-880,15672,-17986,2161,1836
1704,-3480,14232,-16069,2178,854
1344,-4480,14088,-10566,328,621
1552,-4240,15584,-7968,54,-559
2288,-4744,16008,-7498,1375,-287
1624,-4760,16480,-6311,2375,-120
1240,-5088,17472,-5532,2727,590
520,-5344,17360,-5810,1414,607
584,-5744,16992,-5494,202,184
136,-5944,15952,-4184,86,333
144,-6800,16720,-2326,102,683
512,-6360,16240,-3631,896,6
544,-6976,15792,-3821,1273,-785
728,-6752,14720,-3497,957,-371
1200,-6632,14080,-2552,1416,-140
632,-7016,13464,-1218,1195,430
896,-6928,14752,-1214,2280,507
280,-7176,14840,-2395,2739,79
56,-7720,14968,-1487,1128,46
56,-7824,15528,-1315,-41,-10
232,-7912,14616,-246,-786,-422
504,-8048,15296,310,-841,-346
496,-7840,15264,-44,29,-136
584,-7600,14992,895,126,-53
192,-7384,15272,1857,203,415
-40,-7160,15216,942,392,170
288,-7216,14632,734,335,-184
-72,-6944,14496,1568,195,-200
240,-7256,14488,2960,-858,-84
528,-6872,14640,4056,-152,-507
552,-6616,14904,4672,974,-329
264,-6536,15408,4452,2525,200
-280,-6248,16168,3581,3339,-250
-632,-5784,16056,2854,2699,-375
-296,-5760,15872,3107,1574,-539
48,-5576,15840,3473,1175,-507
8,-5200,15976,3212,2505,-103
-248,-4800,15432,3590,1798,415
-152,-4656,15464,5735,1655,737
-712,-4184,15384,6927,1211,661
-248,-4176,14896,9729,1553,1593
-400,-3504,15232,13937,-263,1646
-856,-1760,15856,16527,-2072,1584
-1024,-456,17688,15976,-2195,1094
-936,536,19456,10094,-230,1045
-1184,312,18736,4660,1731,552
-1664,464,17368,2700,-216,-51
-1016,656,16608,6448,-3062,-507
-72,1544,15968,7889,-4716,-620
144,2568,16176,8243,-3087,41
160,2704,17352,4985,880,253
-192,2152,17720,-1205,8292,-1406
-1080,1848,16416,-5710,13865,-3679
-1536,872,15528,-6288,16459,-4201
-3224,128,15744,-3129,14460,-4335
-3816,480,16720,-700,9219,-4171
-4288,912,17328,-133,699,-3420
-3560,1696,17408,2086,-8157,-1925
-2192,2584,17080,3794,-15283,727
-1272,3664,16864,4794,-18345,3410
-88,2880,17128,3212,-15871,5536
208,2184,16824,212,-10062,5474
56,1464,16248,-1711,-5433,4407
24,1080,16264,-4634,1065,1579
-616,400,15984,-6755,7213,-990
-808,184,15744,-6871,12238,-3495
-712,360,15608,-4687,14213,-4216
-1608,504,16392,-2937,14143,-3425
-2680,760,17672,-2220,12266,-2302
-3216,696,18344,-3337,9582,-1422
-4272,304,17848,-4668,5268,-530
-3904,-568,17624,-5612,1657,636
-4208,-1184,16144,-5398,-2307,1231
-4128,-1848,14896,-1834,-8352,1694
-3840,-1512,14880,3582,-14687,2800
-2624,-896,15384,5994,-16858,2435
-560,-1016,15960,4331,-11657,1812
-288,-568,16024,279,-3277,84
-560,-520,15912,-897,4421,-730
-624,-200,15920,-860,9960,-1706
-1792,-208,16768,-131,12956,-1911
-2856,-216,17400,-978,16933,-2125
-4624,-384,17552,-1989,18052,-2311
-5864,-1152,16552,-2535,15811,-2456
-6688,-1784,16808,-603,9866,-2312
-6488,-1128,17016,1410,-1554,-1023
-5408,-576,17448,2332,-13219,859
-4944,304,16168,1926,-22651,3949
-2848,-800,14864,2519,-24853,5452
-1344,-656,14528,2245,-20945,4876
0,-760,13888,45,-11031,2193
584,-1328,13952,-1392,749,-374
-64,-888,14184,-1281,9795,-2193
-728,-656,15576,-506,15475,-3287
-2640,-224,16640,-503,18617,-3132
-4016,-496,17816,500,17398,-3150
-5728,-168,18544,-183,13555,-2488
-6048,-320,18368,-526,7292,-1641
-6288,-408,18688,318,-3990,-30
-5192,224,18168,1409,-16288,1984
-3456,1096,17088,1712,-24588,4904
-1984,56,16264,-57,-23355,5937
-552,-952,14624,-1518,-18053,4519
528,-1008,13696,960,-14974,2809
1520,-920,13712,3599,-10801,1676
2656,-352,14624,2831,-3371,18
2616,56,15288,-539,7276,-1592
1576,-328,15056,-2230,16816,-3183
-656,-376,15528,39,19696,-3479
-1744,-112,17648,1229,19784,-4158
-2960,704,17944,-986,21636,-4349
-4040,-104,17152,-2454,21335,-4303
-5384,-352,17032,-163,15657,-3044
-5880,168,17824,1499,6200,-1217
-5520,200,18016,510,-964,560
-4856,-416,18000,-369,-10003,2428
-5440,1160,16984,2304,-23556,6314
-3520,808,16944,3336,-28584,8388
-1384,-272,16880,158,-24812,7296
-544,192,15728,-150,-22280,6265
1720,-152,15432,2504,-21930,5280
3040,168,15816,2935,-19710,4987
4176,544,15688,2534,-16698,4670
5632,368,16032,1847,-13603,3899
5960,848,15784,-436,-9339,2509
6488,472,14528,-2177,-2409,1344
6040,-56,13512,-2808,4997,-856
5936,-760,14088,-2212,12658,-2139
4848,-408,14960,-1864,15202,-3738
3944,464,15608,-907,16577,-4325
3464,376,16304,197,18638,-4793
1688,1160,17176,-781,19357,-3724
24,928,17344,-847,19109,-3000
-1128,-32,16968,-2320,20940,-3224
-2576,136,16712,-2871,21094,-3479
-4280,-112,16320,-2995,21217,-2925
-5248,-1136,15848,-3199,20408,-3489
-6488,-1080,15824,-2314,15837,-3003
-6744,-1120,15832,59,8215,-2444
-6112,-464,16304,1339,-346,-352
-5304,-488,16152,1618,-9912,1791
-4760,-288,15760,1818,-16394,3561
-5168,200,15672,1808,-20275,6127
-3816,-952,15216,735,-18789,5248
-3288,-688,14952,254,-15149,3827
-2384,-1000,15872,1400,-13139,2955
-824,-344,16608,2385,-13334,1987
64,176,16752,3185,-14804,2408
1160,592,16800,4261,-16608,2843
2392,632,17184,3602,-15161,2448
3008,1344,16704,2494,-14183,2757
4440,816,16600,968,-11112,2637
4864,944,15848,867,-10304,2323
5824,632,15432,2455,-10498,2365
6496,936,15504,3214,-9341,2466
6480,1536,16048,1751,-5255,1666
6648,1280,16056,-559,956,619
6024,568,14968,-3842,8457,-1196
5736,312,14856,-3463,10782,-2542
5344,1224,15544,-1839,10457,-2624
5168,1072,15944,-2665,14032,-2949
4112,392,15736,-3156,19061,-3983
2080,264,15816,-1650,20137,-4126
368,592,16752,-4,19352,-3816
-192,304,17872,-1159,19810,-4054
-1872,728,17552,-1563,15058,-3278
-2376,832,17360,-419,9819,-1137
-2944,720,16816,-2692,11114,-481
-4232,-240,15416,-3667,12881,-994
-4680,-664,14832,-2302,14519,-1717
-5896,-664,14712,-2839,17486,-2551
-7760,-1248,14616,-3421,15213,-2332
-7880,-1872,15048,206,7022,-2825
-7504,-1016,16304,1744,-3000,-2490
-6096,0,16192,2527,-15139,153
-5040,968,15800,3843,-26219,3900
-3560,408,15736,2552,-29600,6296
-2384,-952,15192,1718,-27545,6554
-1608,-536,14952,2309,-26546,5427
1136,-712,15592,3381,-23048,4296
3080,-184,15584,2459,-17129,2669
3728,416,15352,3196,-13656,2122
4896,-128,15952,5231,-11546,1707
4912,1368,17264,5870,-10977,1754
5816,2064,18224,3862,-8568,1405
6432,2400,18192,366,-6224,1360
6344,2032,16904,-1618,-3665,1489
6352,1520,15816,-3701,1498,264
6712,920,14352,-5275,10169,-1857
5656,496,13720,-4897,16141,-2581
4208,152,14568,-1971,17622,-3506
3680,152,16064,-312,18716,-4331
2120,1000,16856,-1539,19110,-3809
840,944,16552,-1889,19683,-2841
-792,648,16856,-1648,19348,-3161
-1504,312,16560,-2118,20975,-2695
-3968,-96,16136,-2711,21439,-2196
-5328,-688,15912,-1810,20648,-2965
-6096,-736,16320,-1403,17348,-3022
-6984,-144,16320,-1462,11183,-2453
-7112,-152,15616,-490,2663,-1041
-6600,-704,15488,957,-6306,-144
-5456,-48,15080,2000,-13946,1068
-4264,-200,14480,2929,-18593,3272
-3352,232,15080,3980,-19829,4330
-3136,-160,15712,3316,-19904,5059
-1272,-296,16008,2453,-19641,4288
-304,696,15552,2873,-19893,3408
1112,1208,16192,4069,-18984,3657
2880,1016,16984,2775,-16163,3333
3104,1424,16824,1706,-15053,3404
4744,784,16616,2130,-14535,2398
5872,1536,16088,2705,-15540,2145
7272,1848,16184,1649,-12724,2830
6592,1904,15208,594,-11070,2653
7704,1256,15384,-159,-6724,1986
7952,1136,14768,-1999,-1395,1059
7576,1128,14632,-2685,5359,-294
7320,464,14920,-3388,11880,-1900
6264,-80,14904,-3409,15943,-3517
5200,776,15360,-348,14647,-4002
4848,1456,16664,-571,17029,-4737
4392,1136,16968,-3619,22894,-4706
1952,856,16216,-3584,23021,-3650
-128,992,16424,-1291,19715,-2314
-1312,472,17288,-1752,18888,-1949
-2416,408,17200,-2462,18155,-2754
-3320,608,16976,-2657,16075,-2325
-4136,688,15888,-3728,15312,-1771
-4560,-120,14736,-4421,16292,-1245
-5984,-1032,14712,-3019,16597,-945
-7848,-1032,14248,-1830,14785,-1584
-8288,-1104,13824,-1414,12888,-1948
-7992,-1264,13456,-1631,11343,-2148
-7824,-1336,13256,-1340,8826,-902
-9072,-1144,14464,-443,679,662
-9800,-448,15312,1424,-12133,1775
-7744,-632,15272,2839,-22019,2751
-5944,-152,15576,1487,-23551,4161
-5752,16,14920,930,-23316,4537
-3776,-976,15168,2367,-21715,4137
-2144,-808,16448,2838,-20354,3008
-1024,96,17072,3283,-19878,3717
368,408,17728,2225,-19152,3291
1232,456,17752,2478,-19772,3042
3216,152,17648,3516,-22636,2343
5312,1680,16816,3501,-23357,3236
7224,1664,16480,-760,-17049,3593
7216,536,14752,-3398,-9370,3099
6984,-720,13264,-2032,-5126,2656
6880,-840,13240,1096,-1222,402
7168,-480,14664,54,6308,-1243
6616,-184,14928,-1129,11114,-3012
5792,288,15400,70,12483,-2804
5472,128,16368,100,14934,-4123
5304,808,17336,-603,15547,-4184
3312,1944,17560,-37,11584,-2791
3352,1568,17744,-1383,11677,-1866
2648,648,16936,-4054,16434,-2073
696,0,15648,-4531,20997,-2516
-1432,-656,15912,-2183,21673,-2621
-3168,-584,15888,-1613,21709,-3382
-4208,-416,16008,-2726,22736,-4158
-5792,-816,15400,-1937,20264,-3171
-7208,-152,15088,-353,15934,-2325
-7656,-640,15208,-786,13468,-2434
-7984,-1488,14312,-3250,11831,-2759
-8768,-2000,13160,-1684,5863,-3099
-7664,-1272,13952,1998,-2752,-1722
-6568,-504,15032,2990,-10076,542
-6048,-56,15144,2447,-16929,3151
-5904,-72,14792,2052,-21176,5963
-5168,-728,15120,2437,-21879,6235
-4424,-496,15024,2939,-21630,5572
-2792,-632,15936,3694,-18715,4490
-968,-320,16896,2286,-16540,3134
-256,856,16960,2987,-18513,3676
1632,632,17272,3471,-17793,3377
2440,896,17184,2954,-17150,3796
4136,1000,17248,2482,-14978,3488
5176,1168,16912,1073,-13391,3002
5152,1048,16208,1688,-14337,3138
6168,904,16192,1907,-13745,2777
6616,936,15904,320,-11695,1285
7640,1056,15136,-1763,-7613,179
7976,632,13888,-3946,-3199,-507
8224,368,13008,-2443,-116,-389
8744,632,13384,-605,3517,-1348
8440,904,14424,-1603,9933,-1848
8080,488,14712,-3749,16833,-2280
6432,72,14424,-3235,18622,-2343
4896,400,16024,-126,15991,-1965
4048,392,17472,-405,16219,-2090
2632,264,17696,-3250,18185,-2499
1304,8,16712,-3548,18087,-2387
-136,-96,16272,-1860,16343,-1601
-1424,-864,16824,-463,14234,-1627
-2192,-608,17032,-455,12604,-2399
-2584,-192,16960,-2461,12512,-2349
-3552,-88,15664,-3847,13611,-2094
-3768,-1136,14832,-3200,15695,-2711
-5280,-848,14792,-1669,17369,-2801
-6088,-1136,15168,-1003,19160,-3037
-6920,-1280,15256,-1646,20477,-3207
-8672,-1328,15368,-2243,15717,-2419
-8720,-1960,14872,-249,6849,-1505
-8648,-1504,14976,2226,-4817,-452
-7256,-1184,14640,3559,-14619,2113
-6480,-1104,14640,3954,-20302,4827
-6296,-832,14736,3753,-25077,6451
-5016,-608,15648,4075,-26137,6694
-3440,-544,15944,1523,-22497,4485
-1920,-464,15888,1378,-20610,3713
664,-96,16384,4067,-21059,3678
1360,1312,16960,4019,-22459,4232
2896,1152,17432,3274,-20912,4777
4512,712,17184,499,-17491,4540
5160,424,15944,-366,-15832,4629
6208,232,15232,1067,-15626,3549
7400,112,15608,1172,-13567,3510
7448,440,14824,678,-10491,2715
7824,280,14984,-497,-6448,1499
8320,-128,14384,-1621,-5065,527
8864,152,13544,696,-6994,782
8936,584,13840,854,-4767,932
8928,304,14256,-1287,2351,-401
8680,584,13664,-4601,11983,-1761
8296,176,12552,-5361,21855,-3034
7776,-624,12968,-4924,29347,-3184
4344,-1088,14904,-3379,29475,-2628
1672,-928,17624,-207,21202,-2231
864,-168,19056,-2001,13870,-852
776,8,17824,-3827,8634,-305
760,-704,16768,-4446,7533,99
-200,-1048,16824,-3460,6097,1068
-256,-1120,16120,-3744,5966,1516
128,-2200,14920,-3931,9043,2036
-952,-3472,14168,-623,8735,1409
-1984,-3592,13824,6309,6467,1041
-2936,-2600,14728,14072,2187,-934
-2824,-584,16776,17460,-2004,-2901
-2344,1192,18600,16919,-2843,-2904
-1968,2600,19392,13025,-928,-3905
-2000,3496,19104,7547,-108,-4482
-1784,3688,17448,5081,225,-3978
-912,3960,16256,6421,-431,-2571
-912,4536,16400,6906,-1843,-1544
-624,4608,16640,5949,-797,220
-1232,4856,14904,7119,807,78
-1576,5192,13264,10546,2420,-10
-1592,5848,14608,12507,3910,484
-2520,6080,15632,9158,3239,-1077
-1856,7472,17248,5861,2689,-125
-2536,7816,16920,1111,2028,370
-2736,7920,15768,-2480,-149,1538
-2472,7408,14864,-3889,-1976,721
-2160,6616,14880,-6419,-3146,941
-1616,6024,14776,-9511,-3485,1288
-1360,5416,15432,-13175,-3445,1369
-1448,5256,14424,-15650,-4587,1186
-568,4000,13536,-14649,-3999,2071
-736,3064,13928,-12232,-3282,2540
-960,2376,15320,-10723,-4341,3400
-368,1544,17336,-12298,-6232,3749
